event_time,event_type,product_id,category_id,category_code,brand,price,user_id,user_session,purchase,hour,day
2019-10-01 00:00:00+00:00,view,3900821,2053013552326769920,appliances.environment.water_heater,aqua,33.2,554748717,9333dfbd-b87a-4708-9857-6336556b0fcc,0,0,1
2019-10-01 00:00:01+00:00,view,1307067,2053013558920209920,computers.notebook,lenovo,251.74,550050854,7c90fc70-0e80-4590-96f3-13c02c18c713,0,0,1
2019-10-01 00:00:04+00:00,view,1004237,2053013555631879936,electronics.smartphone,apple,1081.98,535871217,c6bd7419-2748-4c56-95b4-8cec9ff8b80d,0,0,1
2019-10-01 00:00:05+00:00,view,1480613,2053013561092859904,computers.desktop,pulser,908.62,512742880,0d0d91c2-c9c2-4e81-90a5-86594dec0db9,0,0,1
2019-10-01 00:00:10+00:00,view,28719074,2053013565480100096,apparel.shoes.keds,baden,102.71,520571932,ac1cd4e5-a3ce-4224-a2d7-ff660a105880,0,0,1
2019-10-01 00:00:11+00:00,view,1004545,2053013555631879936,electronics.smartphone,huawei,566.01,537918940,406c46ed-90a4-4787-a43b-59a410c1a5fb,0,0,1
2019-10-01 00:00:11+00:00,view,2900536,2053013554776240128,appliances.kitchen.microwave,elenberg,51.46,555158050,b5bdd0b3-4ca2-4c55-939e-9ce44bb50abd,0,0,1
2019-10-01 00:00:11+00:00,view,1005011,2053013555631879936,electronics.smartphone,samsung,900.64,530282093,50a293fb-5940-41b2-baf3-17af0e812101,0,0,1
2019-10-01 00:00:13+00:00,view,3900746,2053013552326769920,appliances.environment.water_heater,haier,102.38,555444559,98b88fa0-d8fa-4b9d-8a71-3dd403afab85,0,0,1
2019-10-01 00:00:16+00:00,view,13500240,2053013557099879936,furniture.bedroom.bed,brw,93.18,555446365,7f0062d8-ead0-4e0a-96f6-43a0b79a2fc4,0,0,1
2019-10-01 00:00:18+00:00,view,1801995,2053013554415529984,electronics.video.tv,haier,193.03,537192226,e3151795-c355-4efa-acf6-e1fe1bebeee5,0,0,1
2019-10-01 00:00:18+00:00,view,10900029,2053013555069839872,appliances.kitchen.mixer,bosch,58.95,519528062,901b9e3c-3f8f-4147-a442-c25d5c5ed332,0,0,1
2019-10-01 00:00:19+00:00,view,1306631,2053013558920209920,computers.notebook,hp,580.89,550050854,7c90fc70-0e80-4590-96f3-13c02c18c713,0,0,1
2019-10-01 00:00:19+00:00,view,1005135,2053013555631879936,electronics.smartphone,apple,1747.79,535871217,c6bd7419-2748-4c56-95b4-8cec9ff8b80d,0,0,1
2019-10-01 00:00:20+00:00,view,1003306,2053013555631879936,electronics.smartphone,apple,588.77,555446831,6ec635da-ea15-4a5d-96b4-c8ca9d38f89f,0,0,1
2019-10-01 00:00:20+00:00,view,4803399,2053013554658800128,electronics.audio.headphone,jbl,33.21,555428858,8a6afed4-77f8-40c9-8e76-e062b28216ce,0,0,1
2019-10-01 00:00:22+00:00,view,1480714,2053013561092859904,computers.desktop,pulser,921.49,512742880,0d0d91c2-c9c2-4e81-90a5-86594dec0db9,0,0,1
2019-10-01 00:00:23+00:00,view,1004739,2053013555631879936,electronics.smartphone,xiaomi,197.55,519530528,9882d21f-2c5f-496b-90d4-a1503edb6562,0,0,1
2019-10-01 00:00:23+00:00,view,6200260,2053013552293210112,appliances.environment.air_heater,midea,47.62,538645907,7d9a8784-7b6c-426e-9924-9f688812fd71,0,0,1
2019-10-01 00:00:24+00:00,view,1003306,2053013555631879936,electronics.smartphone,apple,588.77,555446831,6ec635da-ea15-4a5d-96b4-c8ca9d38f89f,0,0,1
2019-10-01 00:00:25+00:00,view,3900990,2053013552326769920,appliances.environment.water_heater,ariston,122.18,554748717,5459fbe4-2aa5-42b9-9064-05f853218fe0,0,0,1
2019-10-01 00:00:26+00:00,view,28719071,2053013565480100096,apparel.shoes.keds,baden,102.71,520571932,ac1cd4e5-a3ce-4224-a2d7-ff660a105880,0,0,1
2019-10-01 00:00:28+00:00,view,28714755,2053013565228450048,apparel.shoes,respect,51.22,555447570,99877fbe-d5a8-475e-a662-66bc9d29b6f8,0,0,1
2019-10-01 00:00:30+00:00,view,3701388,2053013565983419904,appliances.environment.vacuum,dauscher,33.21,515342595,0e30e1c0-4d3e-4e1a-90e3-ab93b5f5c1a2,0,0,1
2019-10-01 00:00:31+00:00,view,3900746,2053013552326769920,appliances.environment.water_heater,haier,102.38,555444559,98b88fa0-d8fa-4b9d-8a71-3dd403afab85,0,0,1
2019-10-01 00:00:31+00:00,view,28718079,2053013565362660096,apparel.shoes.keds,respect,66.67,545323115,75fb5d0c-e907-4293-9c87-2419c2a7709d,0,0,1
2019-10-01 00:00:33+00:00,view,2700239,2053013563911429888,appliances.kitchen.refrigerators,atlant,283.12,521242564,f102dd9b-1cbc-4271-b1f8-a34548d02ec3,0,0,1
2019-10-01 00:00:33+00:00,view,28717908,2053013565782089984,apparel.shoes,burgerschuhe,102.45,513798668,2034798f-43f2-8bcb-b169-c5f04a7a5a4f,0,0,1
2019-10-01 00:00:35+00:00,view,3701244,2053013565983419904,appliances.environment.vacuum,elenberg,33.44,515535834,d90a6f2f-0d0f-47cf-9fe9-62db93dffdb9,0,0,1
2019-10-01 00:00:35+00:00,view,3601505,2053013563810769920,appliances.kitchen.washer,samsung,463.15,526631741,5ec9bd77-beef-443e-b987-62ffb55b8132,0,0,1
2019-10-01 00:00:36+00:00,view,3600575,2053013563810769920,appliances.kitchen.washer,hotpoint-ariston,275.37,554754045,bd0302ef-c5ca-4b6a-b916-95cc2840c72c,0,0,1
2019-10-01 00:00:36+00:00,view,2900475,2053013554776240128,appliances.kitchen.microwave,gorenje,295.99,533078094,6eaaf55a-7bbe-4b3d-95a8-f3b3e31c39c8,0,0,1
2019-10-01 00:00:36+00:00,view,1004767,2053013555631879936,electronics.smartphone,samsung,254.82,512558158,9a206ba2-37c7-4354-9d31-37ff3bb297ed,0,0,1
2019-10-01 00:00:37+00:00,view,1701111,2053013553031409920,computers.peripherals.monitor,acer,514.79,547028884,3ea7c620-a8d7-45c5-9ced-2e9874e2f549,0,0,1
2019-10-01 00:00:41+00:00,view,1003141,2053013555631879936,electronics.smartphone,apple,382.97,551377651,ca11a570-47da-4630-898b-9a03127703da,0,0,1
2019-10-01 00:00:42+00:00,view,4803399,2053013554658800128,electronics.audio.headphone,jbl,33.21,555428858,8a6afed4-77f8-40c9-8e76-e062b28216ce,0,0,1
2019-10-01 00:00:43+00:00,view,1005135,2053013555631879936,electronics.smartphone,apple,1747.79,535871217,c6bd7419-2748-4c56-95b4-8cec9ff8b80d,0,0,1
2019-10-01 00:00:44+00:00,view,1002544,2053013555631879936,electronics.smartphone,apple,464.13,532085144,77ae546a-542b-414c-a01b-c5ceca7e99cf,0,0,1
2019-10-01 00:00:46+00:00,view,13500041,2053013557099879936,furniture.bedroom.bed,brw,80.31,555446365,7f0062d8-ead0-4e0a-96f6-43a0b79a2fc4,0,0,1
2019-10-01 00:00:50+00:00,view,1005105,2053013555631879936,electronics.smartphone,apple,1415.48,529755884,0b828fb6-99bd-4d26-beb3-3021f5d6102c,0,0,1
2019-10-01 00:00:50+00:00,view,1307135,2053013558920209920,computers.notebook,hp,320.35,542378517,244570b9-ebb4-4d4a-b63a-653225d975d5,0,0,1
2019-10-01 00:00:55+00:00,view,1004659,2053013555631879936,electronics.smartphone,samsung,787.18,512558158,9a206ba2-37c7-4354-9d31-37ff3bb297ed,0,0,1
2019-10-01 00:00:56+00:00,view,4804295,2053013554658800128,electronics.audio.headphone,xiaomi,23.13,541366014,6d8ce6fb-2953-4e95-96fe-b40f1ec50ba8,0,0,1
2019-10-01 00:00:57+00:00,view,1004873,2053013555631879936,electronics.smartphone,samsung,388.81,555447651,c3240a5e-6cb8-4d78-9732-a63c608444ef,0,0,1
2019-10-01 00:00:57+00:00,view,1005073,2053013555631879936,electronics.smartphone,samsung,1207.71,543427258,4fc3e61d-5f94-45bb-82dc-ac77f59b5870,0,0,1
2019-10-01 00:00:58+00:00,view,4802639,2053013554658800128,electronics.audio.headphone,sony,218.77,514808401,1877639d-46a4-44f8-bae9-a14456952240,0,0,1
2019-10-01 00:01:00+00:00,view,3900930,2053013552326769920,appliances.environment.water_heater,teploross,90.32,555444559,98b88fa0-d8fa-4b9d-8a71-3dd403afab85,0,0,1
2019-10-01 00:01:00+00:00,view,3701062,2053013565983419904,appliances.environment.vacuum,gorenje,90.07,515342595,0e30e1c0-4d3e-4e1a-90e3-ab93b5f5c1a2,0,0,1
2019-10-01 00:01:02+00:00,view,10900026,2053013555069839872,appliances.kitchen.mixer,panasonic,40.8,514080443,b65b8d08-14af-496c-94cb-44886c6a96d5,0,0,1
2019-10-01 00:01:04+00:00,view,1004870,2053013555631879936,electronics.smartphone,samsung,286.86,516489361,7d6d03fb-39d6-4143-8694-981a550acaaa,0,0,1
2019-10-01 00:01:05+00:00,view,1306083,2053013558920209920,computers.notebook,hp,1512.78,550050854,7c90fc70-0e80-4590-96f3-13c02c18c713,0,0,1
2019-10-01 00:01:06+00:00,view,1307004,2053013558920209920,computers.notebook,lenovo,290.61,542378517,244570b9-ebb4-4d4a-b63a-653225d975d5,0,0,1
2019-10-01 00:01:06+00:00,view,1004856,2053013555631879936,electronics.smartphone,samsung,130.76,555447788,94c1a98c-41a3-401e-ad99-439beac4495c,0,0,1
2019-10-01 00:01:07+00:00,view,27700113,2053013560086230016,construction.tools.pump,leo,48.9,515630204,f9cc0313-5572-4894-a4eb-45d855f064cc,0,0,1
2019-10-01 00:01:08+00:00,view,1004659,2053013555631879936,electronics.smartphone,samsung,787.18,512558158,9a206ba2-37c7-4354-9d31-37ff3bb297ed,0,0,1
2019-10-01 00:01:11+00:00,view,1004836,2053013555631879936,electronics.smartphone,samsung,241.19,546259103,6e2984c8-502e-4fe7-bbba-34087f760175,0,0,1
2019-10-01 00:01:14+00:00,view,1004659,2053013555631879936,electronics.smartphone,samsung,787.18,512558158,9a206ba2-37c7-4354-9d31-37ff3bb297ed,0,0,1
2019-10-01 00:01:15+00:00,view,1801555,2053013554415529984,electronics.video.tv,lg,462.25,537918940,406c46ed-90a4-4787-a43b-59a410c1a5fb,0,0,1
2019-10-01 00:01:16+00:00,view,1004497,2053013555631879936,electronics.smartphone,nokia,159.33,550859983,4718c88d-1892-4a5f-931a-f61ad7a20459,0,0,1
2019-10-01 00:01:17+00:00,view,1004856,2053013555631879936,electronics.smartphone,samsung,130.76,515757896,4938043e-e50f-44ad-944d-958d04df62d6,0,0,1
2019-10-01 00:01:21+00:00,view,28708392,2053013565069060096,apparel.shoes.keds,strobbs,31.92,555447570,99877fbe-d5a8-475e-a662-66bc9d29b6f8,0,0,1
2019-10-01 00:01:23+00:00,view,10900026,2053013555069839872,appliances.kitchen.mixer,panasonic,40.8,514080443,b65b8d08-14af-496c-94cb-44886c6a96d5,0,0,1
2019-10-01 00:01:24+00:00,view,1004785,2053013555631879936,electronics.smartphone,huawei,278.55,514336739,cccc58c1-4986-4d08-b595-d837c0c7d514,0,0,1
2019-10-01 00:01:25+00:00,view,3900990,2053013552326769920,appliances.environment.water_heater,ariston,122.18,554748717,5459fbe4-2aa5-42b9-9064-05f853218fe0,0,0,1
2019-10-01 00:01:28+00:00,view,3900815,2053013552326769920,appliances.environment.water_heater,ariston,133.82,531646433,f19e3ef4-a4c3-48b3-8a2b-9533fcf5d727,0,0,1
2019-10-01 00:01:29+00:00,view,1801551,2053013554415529984,electronics.video.tv,haier,463.31,515511944,d63ef339-2d6a-411a-95bd-d58c77ae6e4f,0,0,1
2019-10-01 00:01:30+00:00,view,3900930,2053013552326769920,appliances.environment.water_heater,teploross,90.32,555444559,98b88fa0-d8fa-4b9d-8a71-3dd403afab85,0,0,1
2019-10-01 00:01:30+00:00,view,1004873,2053013555631879936,electronics.smartphone,samsung,388.81,552783882,0ac92940-754e-4cee-baaf-e6a1701a7062,0,0,1
2019-10-01 00:01:30+00:00,view,1005115,2053013555631879936,electronics.smartphone,apple,975.57,514218020,d7c4761f-de75-454b-9164-177db5e53695,0,0,1
2019-10-01 00:01:31+00:00,view,3900774,2053013552326769920,appliances.environment.water_heater,artel,72.85,513664804,c0177eae-2279-4b2f-8bf7-e9837cc0612a,0,0,1
2019-10-01 00:01:32+00:00,view,1004158,2053013555631879936,electronics.smartphone,samsung,952.41,543427258,4fc3e61d-5f94-45bb-82dc-ac77f59b5870,0,0,1
2019-10-01 00:01:33+00:00,view,1801796,2053013554415529984,electronics.video.tv,elenberg,411.83,537918940,406c46ed-90a4-4787-a43b-59a410c1a5fb,0,0,1
2019-10-01 00:01:33+00:00,view,1480734,2053013561092859904,computers.desktop,pulser,983.27,512742880,0d0d91c2-c9c2-4e81-90a5-86594dec0db9,0,0,1
2019-10-01 00:01:34+00:00,view,6200688,2053013552293210112,appliances.environment.air_heater,oasis,28.7,512796782,d0923aaf-76e3-4ed6-bc0b-a837fad69e1b,0,0,1
2019-10-01 00:01:36+00:00,view,1003549,2053013555631879936,electronics.smartphone,samsung,344.64,546089729,796f2f69-c266-4202-a583-b87394db8469,0,0,1
2019-10-01 00:01:36+00:00,view,1004720,2053013555631879936,electronics.smartphone,huawei,130.65,555357251,a4184ca6-5dcb-40e3-b709-dde079c844ca,0,0,1
2019-10-01 00:01:39+00:00,view,1004258,2053013555631879936,electronics.smartphone,apple,735.05,513758741,a8e9a7cf-2708-43b1-90ae-3a9b11bc4300,0,0,1
2019-10-01 00:01:40+00:00,view,27700113,2053013560086230016,construction.tools.pump,leo,48.9,515630204,f9cc0313-5572-4894-a4eb-45d855f064cc,0,0,1
2019-10-01 00:01:41+00:00,view,1004870,2053013555631879936,electronics.smartphone,samsung,286.86,516489361,7d6d03fb-39d6-4143-8694-981a550acaaa,0,0,1
2019-10-01 00:01:42+00:00,view,1306631,2053013558920209920,computers.notebook,hp,580.89,550050854,7c90fc70-0e80-4590-96f3-13c02c18c713,0,0,1
2019-10-01 00:01:42+00:00,view,1004792,2053013555631879936,electronics.smartphone,xiaomi,456.45,513457407,d6f9a1f2-f96f-4220-b393-ec697a3183c5,0,0,1
2019-10-01 00:01:43+00:00,view,5100855,2053013553341789952,electronics.clocks,apple,617.52,554190174,46279e69-5c2a-4c3c-945b-460268bc683c,0,0,1
2019-10-01 00:01:43+00:00,view,3701062,2053013565983419904,appliances.environment.vacuum,gorenje,90.07,515342595,0e30e1c0-4d3e-4e1a-90e3-ab93b5f5c1a2,0,0,1
2019-10-01 00:01:44+00:00,view,1004321,2053013555631879936,electronics.smartphone,huawei,243.25,514336739,cccc58c1-4986-4d08-b595-d837c0c7d514,0,0,1
2019-10-01 00:01:44+00:00,view,1003317,2053013555631879936,electronics.smartphone,apple,957.53,514218020,d7c4761f-de75-454b-9164-177db5e53695,0,0,1
2019-10-01 00:01:45+00:00,view,1003305,2053013555631879936,electronics.smartphone,apple,612.43,551377651,3c80f0d6-e9ec-4181-8c5c-837a30be2d68,0,0,1
2019-10-01 00:01:45+00:00,view,3701226,2053013565983419904,appliances.environment.vacuum,redmond,149.24,555217733,74d40a28-41f9-4325-bbae-b179bd2c0a38,0,0,1
2019-10-01 00:01:46+00:00,view,1004856,2053013555631879936,electronics.smartphone,samsung,130.76,543272936,8187d148-3c41-46d4-b0c0-9c08cd9dc564,0,0,1
2019-10-01 00:01:47+00:00,view,1004545,2053013555631879936,electronics.smartphone,huawei,566.01,537918940,406c46ed-90a4-4787-a43b-59a410c1a5fb,0,0,1
2019-10-01 00:01:47+00:00,view,1480456,2053013561092859904,computers.desktop,pulser,1016.73,512742880,0d0d91c2-c9c2-4e81-90a5-86594dec0db9,0,0,1
2019-10-01 00:01:48+00:00,view,28714158,2053013565412999936,apparel.shoes.slipons,caprice,41.19,535055930,9f5785c3-2c85-4e0e-8173-0ae4527725ad,0,0,1
2019-10-01 00:01:50+00:00,view,28715758,2053013565069060096,apparel.shoes.keds,nexpero,107.85,555447570,99877fbe-d5a8-475e-a662-66bc9d29b6f8,0,0,1
2019-10-01 00:01:51+00:00,view,3701062,2053013565983419904,appliances.environment.vacuum,gorenje,90.07,515342595,0e30e1c0-4d3e-4e1a-90e3-ab93b5f5c1a2,0,0,1
2019-10-01 00:01:51+00:00,view,6200547,2053013552293210112,appliances.environment.air_heater,oasis,49.81,555447228,1865d0ee-1f9b-4c7d-967a-43c0c1c481d7,0,0,1
2019-10-01 00:01:52+00:00,view,1003317,2053013555631879936,electronics.smartphone,apple,957.53,512539408,3e686589-9b0c-4db0-9b75-3f2738583e75,0,0,1
2019-10-01 00:01:53+00:00,view,3600575,2053013563810769920,appliances.kitchen.washer,hotpoint-ariston,275.37,554754045,bd0302ef-c5ca-4b6a-b916-95cc2840c72c,0,0,1
2019-10-01 00:01:54+00:00,view,1004767,2053013555631879936,electronics.smartphone,samsung,254.82,551417808,3f2209fb-0fe6-4093-8486-51e52dbda8cf,0,0,1
2019-10-01 00:01:59+00:00,view,1004856,2053013555631879936,electronics.smartphone,samsung,130.76,513457407,d6f9a1f2-f96f-4220-b393-ec697a3183c5,0,0,1
2019-10-01 00:01:59+00:00,view,1004792,2053013555631879936,electronics.smartphone,xiaomi,456.45,516896785,4263d574-0b40-416e-a53b-5203bb09a47c,0,0,1
2019-10-01 00:02:01+00:00,view,1005135,2053013555631879936,electronics.smartphone,apple,1747.79,514218020,d7c4761f-de75-454b-9164-177db5e53695,0,0,1
2019-10-01 00:02:02+00:00,view,1004767,2053013555631879936,electronics.smartphone,samsung,254.82,552783882,0ac92940-754e-4cee-baaf-e6a1701a7062,0,0,1
2019-10-01 00:02:02+00:00,view,1004249,2053013555631879936,electronics.smartphone,apple,739.81,512539408,3e686589-9b0c-4db0-9b75-3f2738583e75,0,0,1
2019-10-01 00:02:03+00:00,view,27700113,2053013560086230016,construction.tools.pump,leo,48.9,515630204,f9cc0313-5572-4894-a4eb-45d855f064cc,0,0,1
2019-10-01 00:02:04+00:00,view,6200315,2053013552293210112,appliances.environment.air_heater,elenberg,33.44,512796782,d0923aaf-76e3-4ed6-bc0b-a837fad69e1b,0,0,1
2019-10-01 00:02:06+00:00,view,1004661,2053013555631879936,electronics.smartphone,samsung,885.07,555447884,3c8064a1-d825-48f5-a91b-e7fed6336f21,0,0,1
2019-10-01 00:02:08+00:00,view,1002528,2053013555631879936,electronics.smartphone,apple,643.23,551377651,3c80f0d6-e9ec-4181-8c5c-837a30be2d68,0,0,1
2019-10-01 00:02:10+00:00,view,1004767,2053013555631879936,electronics.smartphone,samsung,254.82,513457407,d6f9a1f2-f96f-4220-b393-ec697a3183c5,0,0,1
2019-10-01 00:02:11+00:00,view,1307073,2053013558920209920,computers.notebook,acer,669.0,514805015,ae211ff5-7e3e-4a19-9bf6-bb7e19421843,0,0,1
2019-10-01 00:02:12+00:00,view,1004949,2053013555631879936,electronics.smartphone,oneplus,838.89,533205672,698f6680-5fcf-4bf0-af14-cea6366052d5,0,0,1
2019-10-01 00:02:13+00:00,view,3701244,2053013565983419904,appliances.environment.vacuum,elenberg,33.44,515535834,d90a6f2f-0d0f-47cf-9fe9-62db93dffdb9,0,0,1
2019-10-01 00:02:14+00:00,view,1004237,2053013555631879936,electronics.smartphone,apple,1081.98,514218020,d7c4761f-de75-454b-9164-177db5e53695,0,0,1
2019-10-01 00:02:14+00:00,purchase,1004856,2053013555631879936,electronics.smartphone,samsung,130.76,543272936,8187d148-3c41-46d4-b0c0-9c08cd9dc564,1,0,1
2019-10-01 00:02:15+00:00,view,1004767,2053013555631879936,electronics.smartphone,samsung,254.82,551417808,3f2209fb-0fe6-4093-8486-51e52dbda8cf,0,0,1
2019-10-01 00:02:16+00:00,view,4802639,2053013554658800128,electronics.audio.headphone,sony,218.77,514808401,1877639d-46a4-44f8-bae9-a14456952240,0,0,1
2019-10-01 00:02:16+00:00,view,1307067,2053013558920209920,computers.notebook,lenovo,251.74,550050854,7c90fc70-0e80-4590-96f3-13c02c18c713,0,0,1
2019-10-01 00:02:17+00:00,view,28716595,2053013565782089984,apparel.shoes,baden,76.96,525767277,80ca3883-2c25-4475-b829-7fa1b8372db3,0,0,1
2019-10-01 00:02:19+00:00,view,3600575,2053013563810769920,appliances.kitchen.washer,hotpoint-ariston,275.37,554754045,bd0302ef-c5ca-4b6a-b916-95cc2840c72c,0,0,1
2019-10-01 00:02:20+00:00,view,1005115,2053013555631879936,electronics.smartphone,apple,975.57,514218020,d7c4761f-de75-454b-9164-177db5e53695,0,0,1
2019-10-01 00:02:22+00:00,view,6200035,2053013552293210112,appliances.environment.air_heater,elenberg,56.6,550624133,b314b9cb-5eaf-4b01-b1ef-acd37754e902,0,0,1
2019-10-01 00:02:23+00:00,view,21403078,2053013561579399936,electronics.clocks,casio,39.05,525856698,f72ea16b-4ec3-44f8-8fcd-35d89984b744,0,0,1
2019-10-01 00:02:24+00:00,view,1005072,2053013555631879936,electronics.smartphone,samsung,1044.09,555447922,caab0e1c-7cb9-4f97-9f78-d4efaec1e5a7,0,0,1
2019-10-01 00:02:26+00:00,view,2700618,2053013563911429888,appliances.kitchen.refrigerators,indesit,349.79,550429638,fa30065b-fc97-4757-86a6-9d82d2cc718e,0,0,1
2019-10-01 00:02:28+00:00,view,1005143,2053013555631879936,electronics.smartphone,apple,1541.61,517062545,00334c2e-e8e5-463f-ae4e-f44f9796ccf4,0,0,1
2019-10-01 00:02:33+00:00,view,1004659,2053013555631879936,electronics.smartphone,samsung,787.18,531750153,e1fe132c-a115-4dda-95c1-d8c381c17fe8,0,0,1
2019-10-01 00:02:34+00:00,view,1004838,2053013555631879936,electronics.smartphone,oppo,179.38,552552067,4d32eaca-f891-4e40-80be-63e82bf4edfe,0,0,1
2019-10-01 00:02:37+00:00,view,1003756,2053013555631879936,electronics.smartphone,nokia,72.28,513840435,f13c75a5-7f6e-4467-a4e2-c1386c05b007,0,0,1
2019-10-01 00:02:38+00:00,view,6200035,2053013552293210112,appliances.environment.air_heater,elenberg,56.6,550624133,b314b9cb-5eaf-4b01-b1ef-acd37754e902,0,0,1
2019-10-01 00:02:38+00:00,view,28718079,2053013565362660096,apparel.shoes.keds,respect,66.67,545323115,75fb5d0c-e907-4293-9c87-2419c2a7709d,0,0,1
2019-10-01 00:02:41+00:00,view,5100239,2053013553341789952,electronics.clocks,samsung,257.38,522806189,9fc424df-a04f-4051-8f18-4c637491d007,0,0,1
2019-10-01 00:02:41+00:00,view,1005115,2053013555631879936,electronics.smartphone,apple,975.57,514218020,d7c4761f-de75-454b-9164-177db5e53695,0,0,1
2019-10-01 00:02:46+00:00,view,1307370,2053013558920209920,computers.notebook,acer,257.15,550050854,7c90fc70-0e80-4590-96f3-13c02c18c713,0,0,1
2019-11-01 00:00:00+00:00,view,1003461,2053013555631879936,electronics.smartphone,xiaomi,489.07,520088904,4d3b30da-a5e4-49df-b1a8-ba5943f1dd33,0,0,1
2019-11-01 00:00:00+00:00,view,5000088,2053013566100859904,appliances.sewing_machine,janome,293.65,530496790,8e5f4f83-366c-4f70-860e-ca7417414283,0,0,1
2019-11-01 00:00:01+00:00,view,3601530,2053013563810769920,appliances.kitchen.washer,lg,712.87,518085591,3bfb58cd-7892-48cc-8020-2f17e6de6e7f,0,0,1
2019-11-01 00:00:01+00:00,view,1004775,2053013555631879936,electronics.smartphone,xiaomi,183.27,558856683,313628f1-68b8-460d-84f6-cec7a8796ef2,0,0,1
2019-11-01 00:00:01+00:00,view,1306894,2053013558920209920,computers.notebook,hp,360.09,520772685,816a59f3-f5ae-4ccd-9b23-82aa8c23d33c,0,0,1
2019-11-01 00:00:01+00:00,view,1306421,2053013558920209920,computers.notebook,hp,514.56,514028527,df8184cc-3694-4549-8c8c-6b5171877376,0,0,1
2019-11-01 00:00:02+00:00,view,1004258,2053013555631879936,electronics.smartphone,apple,732.07,532647354,d2d3d2c6-631d-489e-9fb5-06f340b85be0,0,0,1
2019-11-01 00:00:05+00:00,view,4600658,2053013563944989952,appliances.kitchen.dishwasher,samsung,411.83,526595547,aab33a9a-29c3-4d50-84c1-8a2bc9256104,0,0,1
2019-11-01 00:00:07+00:00,view,1004566,2053013555631879936,electronics.smartphone,huawei,164.84,566265908,52c2c76c-b79e-4794-86ff-badc76d35f5a,0,0,1
2019-11-01 00:00:08+00:00,view,1307115,2053013558920209920,computers.notebook,hp,411.59,514028527,df8184cc-3694-4549-8c8c-6b5171877376,0,0,1
2019-11-01 00:00:08+00:00,view,1004708,2053013555631879936,electronics.smartphone,huawei,151.99,566143627,aa610ab3-5c60-4551-8a2b-8c999dddf843,0,0,1
2019-11-01 00:00:10+00:00,view,1005115,2053013555631879936,electronics.smartphone,apple,949.47,562079864,0fe64462-83eb-4131-ab00-8e764dd995c3,0,0,1
2019-11-01 00:00:10+00:00,view,1307350,2053013558920209920,computers.notebook,acer,514.79,513741043,82f7f972-346a-41f1-ae58-3ccf1edf6726,0,0,1
2019-11-01 00:00:11+00:00,view,1307340,2053013558920209920,computers.notebook,asus,360.34,520772685,816a59f3-f5ae-4ccd-9b23-82aa8c23d33c,0,0,1
2019-11-01 00:00:12+00:00,view,16700826,2053013559901680128,furniture.kitchen.chair,nika,47.77,566255262,173d7b72-1db7-4638-8207-be8148bf3c9f,0,0,1
2019-11-01 00:00:13+00:00,view,4804194,2053013554658800128,electronics.audio.headphone,acme,69.24,565731881,5d8cb7aa-ca44-4705-809d-53c97b497e16,0,0,1
2019-11-01 00:00:13+00:00,view,3701016,2053013565983419904,appliances.environment.vacuum,tefal,108.09,566278257,5cafe67a-3c46-4b47-a46a-ab30de4356bc,0,0,1
2019-11-01 00:00:14+00:00,view,1002544,2053013555631879936,electronics.smartphone,apple,458.28,549256216,dcbdc6e4-cd49-4ee8-95c5-e85f3c618fa1,0,0,1
2019-11-01 00:00:14+00:00,cart,1005014,2053013555631879936,electronics.smartphone,samsung,503.09,533326659,6b928be2-2bce-4640-8296-0efdf2fda22a,0,0,1
2019-11-01 00:00:15+00:00,view,3901174,2053013552326769920,appliances.environment.water_heater,oasis,32.66,513200477,742aba02-727b-4d15-9222-6484ac846173,0,0,1
2019-11-01 00:00:15+00:00,view,4600603,2053013563944989952,appliances.kitchen.dishwasher,bosch,684.44,526595547,aab33a9a-29c3-4d50-84c1-8a2bc9256104,0,0,1
2019-11-01 00:00:17+00:00,view,1005161,2053013555631879936,electronics.smartphone,xiaomi,211.92,513351129,e6b7ce9b-1938-4e20-976c-8b4163aea11d,0,0,1
2019-11-01 00:00:17+00:00,view,21406939,2053013561579399936,electronics.clocks,tissot,895.78,513118352,4c14bf2a-2820-4504-929d-046356a5a204,0,0,1
2019-11-01 00:00:17+00:00,view,1800729,2053013554415529984,electronics.video.tv,samsung,289.33,515782589,f2081cf0-0ee3-4bf1-9b40-e5e580f9ace3,0,0,1
2019-11-01 00:00:17+00:00,view,43200121,2146660887346279936,apparel.tshirt,goodloot,8.73,566175330,680fb144-6940-4931-85e6-16dda8d4e2d5,0,0,1
2019-11-01 00:00:18+00:00,view,1003317,2053013555631879936,electronics.smartphone,apple,928.18,532647354,d2d3d2c6-631d-489e-9fb5-06f340b85be0,0,0,1
2019-11-01 00:00:18+00:00,view,16700826,2053013559901680128,furniture.kitchen.chair,nika,47.77,566255262,173d7b72-1db7-4638-8207-be8148bf3c9f,0,0,1
2019-11-01 00:00:20+00:00,view,1307095,2053013558920209920,computers.notebook,lenovo,385.85,520772685,816a59f3-f5ae-4ccd-9b23-82aa8c23d33c,0,0,1
2019-11-01 00:00:23+00:00,view,1004856,2053013555631879936,electronics.smartphone,samsung,128.42,436701163,50de79b1-b0ec-42c0-bbe0-8b5d2dc33e1e,0,0,1
2019-11-01 00:00:23+00:00,view,12300928,2053013556311350016,construction.tools.drill,dewalt,98.51,517081324,bd1d99b3-0c06-4e1c-a6fe-8c797ff574dc,0,0,1
2019-11-01 00:00:23+00:00,view,1004877,2053013555631879936,electronics.smartphone,xiaomi,84.65,516826105,55d5be8e-8a4f-4691-b192-93c9193e3b1d,0,0,1
2019-11-01 00:00:24+00:00,view,50600046,2134905044833659904,auto.accessories.compressor,denzel,157.28,513998949,a7b196d9-afe5-4dc8-9648-d578fef55abf,0,0,1
2019-11-01 00:00:26+00:00,view,16700690,2053013559901680128,furniture.kitchen.chair,mamadoma,34.75,566255262,173d7b72-1db7-4638-8207-be8148bf3c9f,0,0,1
2019-11-01 00:00:26+00:00,view,6500912,2053013554155480064,computers.components.motherboard,asus,287.83,512370912,daf0bf99-adf1-4877-8308-ae4557b6f01b,0,0,1
2019-11-01 00:00:27+00:00,view,1600557,2053013553056570112,computers.peripherals.printer,canon,151.14,552249856,ebfe62dd-197a-4696-9344-75b4d15f43a0,0,0,1
2019-11-01 00:00:27+00:00,view,1004237,2053013555631879936,electronics.smartphone,apple,1091.33,565404816,d9cf0ac4-c3ec-4e1f-83aa-326b1e7b1581,0,0,1
2019-11-01 00:00:28+00:00,view,4804295,2053013554658800128,electronics.audio.headphone,xiaomi,22.8,543653226,ab310b47-1eb2-45f8-8e5b-21ab2010925a,0,0,1
2019-11-01 00:00:28+00:00,view,1004990,2053013555631879936,electronics.smartphone,oppo,257.38,514171705,168955ad-db0f-4f0f-b71b-5dd8cfc9e113,0,0,1
2019-11-01 00:00:29+00:00,view,5701331,2053013553970929920,auto.accessories.player,ams,221.37,566279704,efd58a11-6fbf-4aa2-86c1-aad172f32fac,0,0,1
2019-11-01 00:00:29+00:00,view,1307338,2053013558920209920,computers.notebook,asus,849.42,530857208,c69f9c63-7098-426c-97d9-8cb94a0a1083,0,0,1
2019-11-01 00:00:30+00:00,view,1004767,2053013555631879936,electronics.smartphone,samsung,242.63,559213679,20a1a879-3cff-4d9a-9fc1-09bb9624e0d6,0,0,1
2019-11-01 00:00:31+00:00,view,32900064,2055156924407610112,accessories.bag,fisherman,48.43,565841773,5b102238-1d7c-455a-91b9-11a8299b3d7d,0,0,1
2019-11-01 00:00:35+00:00,view,2701305,2053013563911429888,appliances.kitchen.refrigerators,samsung,499.94,524356542,153f9818-4d32-4e8b-ba9f-f355094e8ae4,0,0,1
2019-11-01 00:00:35+00:00,view,4804151,2053013554658800128,electronics.audio.headphone,acme,51.22,565731881,5d8cb7aa-ca44-4705-809d-53c97b497e16,0,0,1
2019-11-01 00:00:36+00:00,view,1004184,2053013555631879936,electronics.smartphone,xiaomi,463.15,520088904,4d3b30da-a5e4-49df-b1a8-ba5943f1dd33,0,0,1
2019-11-01 00:00:36+00:00,view,1003316,2053013555631879936,electronics.smartphone,apple,928.38,544501248,e330d051-37ad-4dc3-b1ee-ff16a28b7998,0,0,1
2019-11-01 00:00:37+00:00,view,21408240,2053013561579399936,electronics.clocks,tissot,861.28,513118352,4c14bf2a-2820-4504-929d-046356a5a204,0,0,1
2019-11-01 00:00:39+00:00,view,6700582,2053013554247759872,computers.components.videocards,palit,170.63,543124499,58d5c559-5358-48bb-9f25-9a0d43297f9b,0,0,1
2019-11-01 00:00:40+00:00,view,1005116,2053013555631879936,electronics.smartphone,apple,1013.86,532647354,d2d3d2c6-631d-489e-9fb5-06f340b85be0,0,0,1
2019-11-01 00:00:40+00:00,view,1307115,2053013558920209920,computers.notebook,hp,411.59,514028527,df8184cc-3694-4549-8c8c-6b5171877376,0,0,1
2019-11-01 00:00:41+00:00,view,1004241,2053013555631879936,electronics.smartphone,apple,1173.6,565404816,d9cf0ac4-c3ec-4e1f-83aa-326b1e7b1581,0,0,1
2019-11-01 00:00:41+00:00,view,1307322,2053013558920209920,computers.notebook,hp,390.98,520772685,816a59f3-f5ae-4ccd-9b23-82aa8c23d33c,0,0,1
2019-11-01 00:00:41+00:00,view,1004237,2053013555631879936,electronics.smartphone,apple,1091.33,519277091,62fadce6-aa4a-4dde-92fc-c04c22982df5,0,0,1
2019-11-01 00:00:41+00:00,view,1004840,2053013555631879936,electronics.smartphone,huawei,946.73,565059361,42eaf6de-3804-46ca-94ea-2ac12834ff70,0,0,1
2019-11-01 00:00:42+00:00,view,2700598,2053013563911429888,appliances.kitchen.refrigerators,indesit,314.08,539701280,a9e5a322-c765-d52d-b382-07af17908468,0,0,1
2019-11-01 00:00:45+00:00,view,12301394,2053013556311350016,construction.tools.drill,dewalt,226.83,517081324,bd1d99b3-0c06-4e1c-a6fe-8c797ff574dc,0,0,1
2019-11-01 00:00:46+00:00,view,1307255,2053013558920209920,computers.notebook,lenovo,514.79,557799444,242b6d4d-720e-49a0-9928-06e4c5d24b3d,0,0,1
2019-11-01 00:00:47+00:00,view,1003461,2053013555631879936,electronics.smartphone,xiaomi,489.07,520088904,4d3b30da-a5e4-49df-b1a8-ba5943f1dd33,0,0,1
2019-11-01 00:00:49+00:00,view,1004834,2053013555631879936,electronics.smartphone,samsung,172.22,566265908,52c2c76c-b79e-4794-86ff-badc76d35f5a,0,0,1
2019-11-01 00:00:49+00:00,view,1004833,2053013555631879936,electronics.smartphone,samsung,172.23,553334193,785adf39-23b3-42f7-b96d-9710da3766fa,0,0,1
2019-11-01 00:00:50+00:00,view,5800506,2053013553945769984,electronics.audio.subwoofer,avatar,41.19,551943550,9c5bc5aa-1b0a-48f9-963c-e04aa3163bbc,0,0,1
2019-11-01 00:00:50+00:00,view,1005234,2053013555631879936,electronics.smartphone,xiaomi,398.72,520088904,4d3b30da-a5e4-49df-b1a8-ba5943f1dd33,0,0,1
2019-11-01 00:00:51+00:00,view,1307012,2053013558920209920,computers.notebook,apple,2342.15,530857208,c69f9c63-7098-426c-97d9-8cb94a0a1083,0,0,1
2019-11-01 00:00:51+00:00,view,21408240,2053013561579399936,electronics.clocks,tissot,861.28,513118352,4c14bf2a-2820-4504-929d-046356a5a204,0,0,1
2019-11-01 00:00:53+00:00,view,1307065,2053013558920209920,computers.notebook,hp,406.68,520772685,816a59f3-f5ae-4ccd-9b23-82aa8c23d33c,0,0,1
2019-11-01 00:00:55+00:00,view,1307519,2053013558920209920,computers.notebook,acer,1209.55,536638900,e1e8125d-da26-49ee-a6fa-78b3ff8dc341,0,0,1
2019-11-01 00:00:56+00:00,view,50600085,2134905044833659904,auto.accessories.compressor,laston,113.93,513998949,a7b196d9-afe5-4dc8-9648-d578fef55abf,0,0,1
2019-11-01 00:00:56+00:00,view,1003316,2053013555631879936,electronics.smartphone,apple,928.38,544501248,e330d051-37ad-4dc3-b1ee-ff16a28b7998,0,0,1
2019-11-01 00:00:56+00:00,view,30000218,2127425436764859904,construction.tools.welding,magnetta,254.78,515240495,0253151d-5c84-4809-ba02-38ac405494e1,0,0,1
2019-11-01 00:00:58+00:00,view,1004322,2053013555631879936,electronics.smartphone,huawei,334.37,566280567,8cd74350-34e7-423b-ab02-53108a89354b,0,0,1
2019-11-01 00:00:59+00:00,view,1004767,2053013555631879936,electronics.smartphone,samsung,242.63,531148230,57a91bce-a1fb-4609-bb26-d53430dc6618,0,0,1
2019-11-01 00:01:01+00:00,view,5000088,2053013566100859904,appliances.sewing_machine,janome,293.65,550437059,06748e12-e59a-4111-b5bb-978618c6156d,0,0,1
2019-11-01 00:01:01+00:00,view,4804295,2053013554658800128,electronics.audio.headphone,xiaomi,22.8,543653226,ab310b47-1eb2-45f8-8e5b-21ab2010925a,0,0,1
2019-11-01 00:01:01+00:00,view,1600587,2053013553056570112,computers.peripherals.printer,epson,203.84,552249856,ebfe62dd-197a-4696-9344-75b4d15f43a0,0,0,1
2019-11-01 00:01:02+00:00,view,1004720,2053013555631879936,electronics.smartphone,huawei,125.61,566143627,aa610ab3-5c60-4551-8a2b-8c999dddf843,0,0,1
2019-11-01 00:01:02+00:00,view,4600603,2053013563944989952,appliances.kitchen.dishwasher,bosch,684.44,526595547,aab33a9a-29c3-4d50-84c1-8a2bc9256104,0,0,1
2019-11-01 00:01:02+00:00,view,1004856,2053013555631879936,electronics.smartphone,samsung,128.42,518398361,282cd4e9-b89a-42c2-b04d-0ffdd119d3c3,0,0,1
2019-11-01 00:01:03+00:00,view,1005116,2053013555631879936,electronics.smartphone,apple,1013.86,544896141,80a43be5-1e98-44ec-b60e-5c107c51c839,0,0,1
2019-11-01 00:01:03+00:00,view,4600541,2053013563944989952,appliances.kitchen.dishwasher,beko,298.16,527322328,5054190a-46cb-4211-a8f1-16fc1a060ed8,0,0,1
2019-11-01 00:01:03+00:00,view,1306571,2053013558920209920,computers.notebook,acer,2312.8,530857208,c69f9c63-7098-426c-97d9-8cb94a0a1083,0,0,1
2019-11-01 00:01:03+00:00,view,5700352,2053013553970929920,auto.accessories.player,pioneer,229.09,566279704,efd58a11-6fbf-4aa2-86c1-aad172f32fac,0,0,1
2019-11-01 00:01:03+00:00,view,53900036,2144916515806240000,construction.tools.saw,dwt,48.35,565386300,87fa5d96-59bd-465c-87fb-8aac39baa571,0,0,1
2019-11-01 00:01:03+00:00,view,1003869,2053013555631879936,electronics.smartphone,xiaomi,167.02,532572658,b1df0fce-6e03-47cc-b777-782b77b1b100,0,0,1
2019-11-01 00:01:04+00:00,purchase,1005161,2053013555631879936,electronics.smartphone,xiaomi,211.92,513351129,e6b7ce9b-1938-4e20-976c-8b4163aea11d,1,0,1
2019-11-01 00:01:05+00:00,view,5100797,2053013553341789952,electronics.clocks,garmin,2239.44,521368162,375da15e-023b-47a5-88f9-828c28637359,0,0,1
2019-11-01 00:01:08+00:00,view,1305977,2053013558920209920,computers.notebook,apple,2496.59,530857208,c69f9c63-7098-426c-97d9-8cb94a0a1083,0,0,1
2019-11-01 00:01:09+00:00,view,2702611,2053013563911429888,appliances.kitchen.refrigerators,arg,128.68,559215873,26ca9bd8-21bd-47b9-b227-b6a083bde2a7,0,0,1
2019-11-01 00:01:09+00:00,view,1004779,2053013555631879936,electronics.smartphone,xiaomi,195.37,546964762,076ca666-e8fd-49d3-a2e2-24b953ef7f9e,0,0,1
2019-11-01 00:01:10+00:00,view,5701331,2053013553970929920,auto.accessories.player,ams,221.37,566279704,efd58a11-6fbf-4aa2-86c1-aad172f32fac,0,0,1
2019-11-01 00:01:10+00:00,view,16900083,2053013558433669888,furniture.kitchen.table,brw,207.21,548719875,68bc6a85-ba5a-4688-a95f-bc506bcd1d40,0,0,1
2019-11-01 00:01:11+00:00,view,5801483,2053013553945769984,electronics.audio.subwoofer,pioneer,58.69,549568904,d3f29ad2-b967-4655-8dca-70fe7bd89821,0,0,1
2019-11-01 00:01:12+00:00,view,45601414,2116907524572570112,apparel.shoes,pablosky,65.38,526996709,bd8f1103-1001-4b69-9106-da32f2c62653,0,0,1
2019-11-01 00:01:13+00:00,view,1004740,2053013555631879936,electronics.smartphone,xiaomi,218.51,566130559,77672984-75f0-41cb-a3a2-1994bfc127b1,0,0,1
2019-11-01 00:01:14+00:00,view,12300231,2053013556311350016,construction.tools.drill,dewalt,150.95,517081324,bd1d99b3-0c06-4e1c-a6fe-8c797ff574dc,0,0,1
2019-11-01 00:01:16+00:00,view,1004748,2053013555631879936,electronics.smartphone,huawei,127.33,566143627,aa610ab3-5c60-4551-8a2b-8c999dddf843,0,0,1
2019-11-01 00:01:17+00:00,view,42900023,2098563450757179904,construction.tools.light,stanley,29.86,512651494,f603c815-f51a-46fe-9404-cb586e35edaf,0,0,1
2019-11-01 00:01:18+00:00,view,1306895,2053013558920209920,computers.notebook,hp,411.34,520772685,816a59f3-f5ae-4ccd-9b23-82aa8c23d33c,0,0,1
2019-11-01 00:01:20+00:00,view,21400135,2053013561579399936,electronics.clocks,casio,165.26,565921426,f7ad8fc9-15ee-4c4d-bfda-1f80311d24bf,0,0,1
2019-11-01 00:01:21+00:00,view,57300036,2173216765583030016,apparel.shirt,jordan,102.71,545220871,f278cca0-e0f6-49a3-819a-d961998282d5,0,0,1
2019-11-01 00:01:21+00:00,view,40900007,2127425434894200064,construction.tools.painting,fubag,24.71,513998949,a7b196d9-afe5-4dc8-9648-d578fef55abf,0,0,1
2019-11-01 00:01:21+00:00,view,21405259,2053013561579399936,electronics.clocks,armani,293.44,553802615,e09684bb-0c95-4f67-98d1-59fc593f3890,0,0,1
